owner,repo,commit
tryexceptpass,sofi,cbdb6e49a0e67108991b090842b105adf54a5381
cognitedata,Expression,cb6bfcce9d36231fd8a7d3f1059ab21a471cf9bd
miiohio,succinct,c5adc7b409264d027e4ea97d18d809f39434861f
poljar,matrix-nio,706597708eb109e763d7537d30bed97533f958b0
aws-cloudformation,cloudformation-cli-python-plugin,9d1ab976406b16276e0e7de3cadb06fdc3b2c8e5
xgcm,xhistogram,a73be2fd7bbed5c34d95f7ca876ddcab1dd2ecc1
xhochy,fletcher,afb2395e4ee764ee5f9dee9c797463f56a55a59d
suned,pfun,d34939f9f55769751065a44e5bba3781690761da
dit,dit,b13c5020a2b8524527a4a0db5a81d8549142228c
lenskit,lkpy,d6e8c80149759b9be9380821889df1cb0b3da04d
nii-yamagishilab,tacotron2,5052c254f95fa6b51c4c1939a0171abb0c06835c
astropy,astropy,f6bcea33cf16f3d5e06d860022b82b307d951565
ariebovenberg,quiz,1614c7585021a8baa8fc3314b002ff58c3cce3a2
data61,anonlink,dc939472ce82dfa3cbd0993b8de4adb18c2fe0df
brandtbucher,hax,add83a96a13458d66c42a8f58860e8fc25520fe4
bankroll-py,bankroll,f1f147143e0fc8380267bee91da7d6fb4f409ada
PyCQA,flake8-bugbear,bf51b5d0a74330c6d3172a49f8d252916a6792a6
opendatacube,datacube-core,0bd488f671035980f19bf5d5520cdfc1df79c397
lordmauve,chopsticks,87c6a5d0049a45db1477a21510cba650f470a8ac
curvefi,curve-pool-registry,0bdb116024ccacda39295bb3949c3e6dd0a8e2d9
mitmproxy,pdoc,49915832d6c018339b9d256a16ae3ae57fa48076
qutebrowser,qutebrowser,60f526d81fbdd64ebe954c30e0929adbdefc9e37
pymtl,pymtl3,eea5ff49e06b303123097dc4d9e163790c0f58d6
GoLP-IST,nata,263927059e786504d5c41e9ee3699b85b42c0a8f
nix-community,pypi2nix,4a5a9d399e960d85b3e37b6a564bcbe655287e3c
castelao,CoTeDe,9b77771da77bf727ba8da16e7b0dc1818cf10718
infobyte,faraday,0c01c314320321b380d35d4e2660208c1c2989f4
machinable-org,machinable,ae45aaf5c87c7dac221a46ed8113012d50fa535a
CyberAgent,cmaes,291376ef3b251d0629e048f8d5169299ac535662
python-hyper,hyperlink,ec7d17268809f89f044e04d71225d6a6e4df264d
mantl,terraform.py,c9276d710585e2db0925ac83ad9d7145dfc3d723
unihd-cag,skillbridge,2fc01c273ea4473ded1e26bc93d776fa3c39dc0e
MDAnalysis,mdanalysis,c0e6552611201967e5c2bfa6edb30bfc03166d04
python-tls,tls,9368423e46a8bcb89c82b2b31bba5e900406fdb9
tdda,tdda,1eaf77a76a946284da9e4cd034fdde5f1f87b5a7
sourmash-bio,sourmash,cf47079346fdc099bab5ac0250c18705098d6e54
radical-cybertools,radical.entk,bb665d839ca8e79bfd9dcf56a43f1d4e26b2051a
brentyi,jaxlie,41337d7ea19ed4a10c487cf2a0b3bb42cb46b3a0
BIGBALLON,Caffe2-Tutorial,6e5547c673763e43ef19223aca7f6e418a62a6db
przemyslawjanpietrzak,pyMonet,94610ee4f1c71aa5f50e0813539bf1a2ea279d70
nii-yamagishilab,self-attention-tacotron,0ebd96114feab5a499964402a8ab7e402f0083b4
twisted,klein,ebcc604ee60ad4cf0a224e8c018060bbe184ae9c
PKSHATechnology-Research,camphr,d464d079e71fed0d53f78d45a42c1fdf6637c10a
AIworx-Labs,chocolate,0ba4f6f0130eab851d32d5534241c8cac3f6666e
ethereum,eth-keys,f30c73ee2d40e627e4400b23a5d54b577a3442f5
ClusterHQ,dvol,adf6c49bbf74d26fbc802a3cdd02ee47e18ad934
RazerM,parver,aebccb937385ee72696beddd795895cca12fa20e
mristin,icontract-hypothesis,0cf0aa169342d0ca859d06026adc3d0bc4f68e2a
OpenSourceEconomics,respy,91e8a193fb7d5cf7212c15e50ae43f810bb9b1eb
sid-the-coder,QuickDA,5ae2a867e5a548e34f28aec89e49c361071b872c
schemathesis,schemathesis,4b18d2da452646225912fc0fc1072d0771bb4efa
dry-python,returns,237d45d15005ed16669a92b77a3823c5c6a38ecb
carlbordum,datatyping,3d47558949b67d682258eb470b789357fe24d494
pyudev,pyudev,d1e8a961fbdba4772a6f0fea1128fda773d25a8a
liiight,notifiers,f97e7c7979c9598394cb2172e600055458f35d37
MBrouns,timeseers,6ca325a56e8f671d58965c6255f818ef133dc498
Arachnid,pyqrencode,ff35a46e5695bbf82c27fc8a34eab0a3d6827156
sio,bash-complete-partial-path,a498597628c5fb52e8665cb65b6fd29fc429db24
microsoft,electionguard-python,b3ddc2a732f6c5f078a3afbe05b00d632a2ff5e0
bear,python-twitter,da1e9986f179622fa2d85f5b125a3f12f3e63177
olipratt,swagger-conformance,8b6fdf99fd6a1db4eb69071c1e8d8a383ebcf76f
sqlfluff,sqlfluff,17f560d0449436f69e7b9b61bf2b21db6c011bd7
Instagram,LibCST,c825afb87d96a426fcaafde5be2478531e6bbc26
nanograv,PINT,5e4d4a3ae7251d6ee15896e1c7ce58ec053b292e
ViennaRNA,forgi,daba481a43d0b735de120a4d9ff018c1b951fb6e
nnadeau,pybotics,ab8e188a387447f9ce47aedcfacad487f4d0135a
PacktPublishing,Hands-On-Artificial-Intelligence-for-Banking,10c4d218b3ba3ed59f2414505b567afd68ec413e
Axelrod-Python,Axelrod,8fa56d229a1790787e88ba2b89a9fea276dea3d9
pckroon,pysmiles,5bf87458359a6b1df5fd2c14a323898076fc2d28
ClusterHQ,flocker,eaa586248986d7cd681c99c948546c2b507e44de
minitorch,Module-0,0e47013afcb065a3bdb793536ce01359e5bd2ef8
arades79,hyperdome,0f21eb60d5d67d34f57658aeab790874f291fea4
timothycrosley,streamdeck-ui,ce80dafd5e4bf7dc7578a70615b05ad885782061
mozilla-releng,balrog,b593d465d3291aee3572b90cfd0b150922754c0d
robinhood,faust,14f65ee6f2810ecab3cf3a8888757949dd12dbd8
soaxelbrooke,python-bpe,831e23d5e804f2b2191fee5cd2df1071d3e5d18f
uber,hypothesis-gufunc,65aaf717b9b57f3aa6379a836fe28dfc9b4f671b
rayanht,paprika,2bc4073cafd0d942bcd9518c96327e8dc37aedc8
maas,maas,09c7faf87f5542c4c7766bcede4853c54a738fb5
Zac-HD,hypothesis-jsonschema,72c50adbce269b404267fc3cdfaa0499e041bb02
capitalone,locopy,a94a9104aecc7da873085fd2ebc173545b225450
bigchaindb,bigchaindb,3c89d306ef12d00a6859382d6953a5205c98f07d
ocadotechnology,aimmo,c80bb3326d125494da370e593d0c004ca40d3075
cupy,cupy,a111a1eecdfd9490ab64d4048511aa38c9d54d71
mozilla,bugbug,f55705881866c3bf3256d6cd320617e0af1b3d15
Stvad,CrowdAnki,a750d7b9526a5d6f4b38eadad7965742036e85b7
gilch,hissp,9bb8f7d08b0ce4da9bb0643993027659c3390029
ecordell,pymacaroons,78c55c1d33a0b23ddc71140a9c999f957d79e9dd
mjwestcott,fennel,f196ca8c43a1c6e319b413627d9771b957638e01
InvestmentSystems,static-frame,cc685d7264fc60f843f1028801d07a70432de720
google,python-fire,6cf45c663075c96b20dd0dfa733c2374545a4ad6
collective,icalendar,ac74257e040d2b9e57edc5c614bf766ca0e53fb6
chyroc,WechatSogou,45731524c1e43925c61a340694774a0d022b895f
loli,medpy,d6abf41066cce75c84215a237a0be208e8294760
ternaus,iglovikov_helper_functions,1e84af2eed58c3c0505fdceb6a8fad013158d06e
bigchaindb,cryptoconditions,a917e9c469f9bdcc9534a9d3f44d5006de9a3109
pimutils,vdirsyncer,a934d5ec665da17390a06a7d0d8f296f8d9a8187
PacktPublishing,Advanced-Elasticsearch-7.0,23a4514ee29794ad1aebc4537e209d3d06b898f5
pytorch,opacus,e4eb3fbb54873bccbc9ecc13415de658e3414cc5
Zac-HD,escape-from-automanual-testing,0a50035feee3671d3c404ed35cf657aa3edfd77d
Julian,jsonschema,04b15679d3ddcd648484d1e42912f7f8b39f4ce9
raiden-network,raiden,90cd5a6cc27e31088a39fd35c0dccf89871dfa88
mre,hyperjson,4821e55765f4428b687fd0459de54ba672ff8df0
osirislab,CSAW-CTF-2019-Quals,c45c25902f2a87c78d811ee78d2eeb2f31ac3d97
cdown,yturl,472cefcbe2a1c8a0c04005bf12f4bdbbdc777a60
weaveworks,kubediff,4b196dbab992c74daa9e5e10aa1ba5ae49fa6ff5
incuna,django-orderable,3a92652fd2b86a213bbcaef04d5ee150575c50fd
python-escpos,python-escpos,0a1d3841f106d8fdd06a9aa857c2061aac2be650
icon-project,icon-service,dfa61fcc42425390a0398ada42ce2121278eec08
seatgeek,fuzzywuzzy,af443f918eebbccff840b86fa606ac150563f466
Tinche,cattrs,46be811135633aee3fc97cd8c171bccdd14c5a93
adamreeve,npTDMS,8c8c44f7027c3971b61e66dc6ad5b078834439da
pydata,xarray,d924d93c4ebe1e174e7b332d53ab5d9f94d789d4
mgeisler,pygob,ebef7bcd2f13cad4975a9a06e43f6fbdfcb8b3fe
satellogic,orbit-predictor,9015b07475c4d6f18f33e529766d1484cf8aa1a8
Torvaney,statsbombapi,751eeaed3abe4cc058cd841e77ca6f6a0e6ef415
pbrod,nvector,b7917df8e29f32fe0971025eb265fe4de603ba9d
loris-imageserver,loris,174248d61b7a18f5531005694f057997a2390332
meshy,framewirc,3a75e95c3cdad8705d09e1e80d05feb766e97893
poliastro,poliastro,21fd7719e89a7d22b4eac63141a60a7f1b01768c
hynek,argon2-cffi,33a5be628687bce3ad13f050c42370f8575726fe
jspahrsummers,adt,32542dac040639c5323ebcb2b7c34560564b0757
sarugaku,requirementslib,591f194bb67d7b4124483ca62fdda8cd19088a86
JNRowe,pyisbn,f557211e31ff48d00b5ff1f58034b92be4b4ca8b
ryanvarley,ExoData,64123d6f9192d336ccf7ca1391f4f1e59c7b96e5
WZBSocialScienceCenter,tmtoolkit,02990865ee896625d5cf540bf2b0dbc159bedf38
leapfrogonline,ansible-merge-vars,413ee17b0fc3bd0e51e06bffb507723704feb995
ethereum,py-trie,d92445c201c1552906c4a1551c1ca703883aef2e
ppb,pursuedpybear,22f3eb067ac03be09a1bc81cbdc683d75a037df0
Kharacternyk,barva,290b62db2fd0c84358d7d21bfb2d4addbc43c237
Lonero-Team,Decentralized-Internet,3d44b8ad5696cd0f4bf1549cd5328914609c38ea
spotify,luigi,e354f61d3195f40711954a9f6cd89148dea51123
aertslab,SCope,9ae520733138f3cf4315ad1a681863fa4126cec4
se2p,pynguin,f0d1f4da782ea76159b1854914b1ae5dff157b9c
tommikaikkonen,prettyprinter,53ba5f934f24228315ef10898fc2b73370349696
wildfish,django-star-ratings,b09c52096e282a46730dc65d9f2594d5d45cb9a9
glue-viz,glue,d59f708bd6ef1df6fe6e8f081eba91b28a1fa57d
recursecenter,blaggregator,d5f3da939fcb16480be049c027e141b7aa171baa
mchlnix,SMB3-Foundry,bd0d451604c8ca97478c5c158335cdf92ee1bca0
sarugaku,vistir,be79c335891e7dc164e28c6739ee9eb7e6ad6b9b
calpaterson,quarchive,284675b3cfef5061f2dac4430a29af2980d3ccc6
justinbois,dc_stat_think,feab6dbe5105eec346744a11cd8c17c3c4420074
backtrace-labs,umash,0faebf07e59557c0fd7eb9622b325b538bf5606e
knowsuchagency,orkestra,b422ed4048b4d421e5100ea1770cbed37c4fb158
BurnySc2,python-sc2,15fbac3f2645cc2641ce9a56d481f1f7a7f2a814
mangaki,mangaki,47f8d0ed03bd54ef55a013d2831008337e11a051
life4,textdistance,c3aca916bd756a8cb71114688b469ec90ef5b232
pycco-docs,pycco,27b1bf012e204c4beda18fb48cdf4b378f68ba8d
elmotec,circlify,4db4e005108ec56c9d378b5cd4493c32fcf715ca
jemisjoky,TorchMPS,ed6bc9a8ed1a1ca162bcb42691326fc6feb761d6
mapbox,rio-rgbify,18f196e2c7a99e08ea4af318fa3bde19b09c67cd
NoRedInk,elm-ops-tooling,35d88e4903e9be19cfc79b705e4f5a4189e4d467
chardet,chardet,8e8dfcd93c572c2cbe37585e01662a90b16fbab6
Quansight-Labs,ndindex,145c13cfb5b755d7de5288a1ee17d1914227c0d7
akurniawan,pytorch-transformer,c4ede88a4f3d1376de077263ebe7dcf2d6fdc519
Yelp,fuzz-lightyear,aeaae968fe585f99a9cf2f93cc5ebbb79e83cc4f
python-hyper,h2,1feb2715dccea1bf02bf7c9c8a8e81abcfd49af9
giotto-ai,giotto-time,c3bd79a27c691fe6fbf2df04b26f2fd624e8f3b2
ics-py,ics-py,3b7d07295f60a5d607ee0fa3a552c252f9e163f0
photogeniq,texturize,637a2135c9b18a3848202e5e25dd0823780592c7
pyjanitor-devs,pyjanitor,4e71e889d6c5fb9ec7a1a191583b7b4d8d6a7def
Qiskit,qiskit-terra,20b00ce3e01f014af1c0c6465e8166113111258e
facebookarchive,tutorials,b27b1eb97f40bf07015e38bad3cdb8ea831428d8
wemake-services,wemake-python-styleguide,d340942773e47e2a2c72bd3c22b4511c72d4dab3
IntelPython,dpnp,2ac196c9c96ea6af15525e44559ac9920d3346fc
faust-streaming,faust,ff75c0be3d784d28b9f69ba3ea94be769b151b89
python-hyper,hpack,056200090577c72978257476e8776afab88595a8
aws,aws-dynamodb-encryption-python,2ae188138cd34adef73eda4905991ebc9b3644e2
MartinThoma,algorithms,5e566eee2c2f30a8b93d6bc06645d0c5f42f6f06
virantha,bricknil,a908b98938ee1028373186e31cb2d43c68f54b76
twitter,dict_minimize,a3c022c8bb2153fffb715fe274a852acf9e846a0
cole,aiosmtplib,6438576fe2012a18212c8efa2f5a1228e5f10489
DRMacIver,schroedinteger,a850d4a306b0fd1784c3a84f04615e469e6cb9ae
mess42,pyrate,108fd1b7fd26857b156691ab0ee2e826e1065f7e
numpy,numpy,185fcf3f850b2c292c60ef56c948b8c63d9b85fd
pytest-dev,pytest,afdf03bc23ac24253f851bd3e1b91e776abc506b
oilshell,oil,847984b97c6f0db6bda665edf7605c4610fb740a
dflook,python-minifier,b5e9446320eff34539b0226af636088411d18a90
jgagneastro,coffeegrindsize,22661ebd21831dba4cf32bfc6ba59fe3d49f879c
charmfinance,alpha-vaults-contracts,774960877e122da12015878ee3a03dfa58536968
nubank,fklearn,64bd8c728e227387077d3ec32bac1b872acde48e
cdown,srt,ff96458d16e8e9f28315687fbed2bb23b013c6b0
microsoft,agogosml,5e603394f037640b2fb7ddee60be47c569ab48c9
mitmproxy,mitmproxy,385800f07ff31041c0d1394a5cf1bb8b016ef401
yehoshuadimarsky,bcpandas,7c805600cb7d2ba331f541b3b8fc554628e1051e
rsokl,MyGrad,3a09abb4733f56b2e46e6dd047e0c1a76b1a1eb1
torchvideo,torchvideo,64de2377cd78f65086e0d92ac5e9e71b35d805de
pymor,pymor,c01356ae042adf34b2001a77f28c1aeb6b372613
explosion,thinc,256e403d027c63422742f01bc01fcf9ced7acc4f
rsokl,noggin,0f1ef427bc2b4f7bc67957a33c3cf04ecfe2e1ed
EvanKepner,mutatest,3a2d14536f49bd4e8511474cadecd47d2a0c2f3b
python-attrs,attrs,eb49c5375284171bca0d73282c0d8387a513898f
JDASoftwareGroup,kartothek,1821ea5df60d4079d3911b3c2f17be11d8780e22
ffalcinelli,pydivert,f75eba4126c527b5a43ace0a49369c7479cf5ee8
HPAC,linnea,c8fb5d1f64666bf63d35859484a5041ff75dbb90
morpheus65535,bazarr,6e43690ee593352c477e5538c4bdcc7975eeb6a5
pytries,marisa-trie,452c9535e015dedd7ad173afd53d0d2be7ed5e37
python-trio,pytest-trio,cd6cc14b061d34f35980e38c44052108ed5402d1
codeforpdx,recordexpungPDX,b3f8cc1b399cbb08b0852e28d7dd36c204b65e19
fabiommendes,sidekick,993ae7b8496347ad9720d3ff11e10ab946c3a800
curvefi,curve-dao-contracts,567927551903f71ce5a73049e077be87111963cc
ngalongc,openapi_security_scanner,9ba2244bf0e52db6f149243de403c8c7c157216f
FAForever,server,a51df6f5f5d8299952e6412b1c9aa619727d773b
saulzar,multical,d19690d978471ffa8c900af117842b78f1a57e05
Nike-Inc,signal_analog,141a49e40a19566742b43814c069afdc69d28eb0
scrapy-plugins,scrapy-splash,5e4bce34373569a43d7c8edace02185d3065d00f
BBVA,apicheck,8f455e8d3863c56ed75fc5d68df0a52830c7749b
machow,siuba,815f55b1c56b1bca47baf795972d92ff5c7b760d
box,ClusterRunner,55d18016f2c7d2dbb8aec5879459cae654edb045
explosion,spaCy,b3c46c315eb16ce644bddd106d31c3dd349f6bb2
stanford-iprl-lab,torchfilter,4a8a085f6406ec07ce6a701e7d8cb4c62c97a390
Harmon758,Harmonbot,204cdd6e98408dae5ba9fc854aa60378250da35f
maxbachmann,RapidFuzz,bb947243a0d70382f81be36726cd3e62588ef38a
TileDB-Inc,TileDB-Py,96381281ce21ec57b4a1398672c9d9a5d09986c6
rcarriga,vim-ultest,b06bc8715cbcb4aa0444abfd85fb705b659ba055
IQTLabs,squiggle,4244b7ad6c7c859ea3e620a027b72d880367ed93
ptrus,suffix-trees,158218bb6fa4b00e6972ea40d7a1063c06640b26
pimutils,todoman,4b48547c5efa45deb945624cca00f9dc6548f52c
pbrod,numdifftools,4f62e51d4776cc6acbdfb6268482635a487b860c
trhallam,segysak,798307eeaf84b63a71272ba638863c538a814f26
equinor,pyscal,39ef33b7477e2eac59d91aa1b33847f84f13da42
public,sonora,0487aa08a93eb5bae008351e58ea6f19a4fbc5d8
janfreyberg,superintendent,09caeb97be556929cf717104d3cc6b9b078f9f39
OasisLMF,OasisLMF,55cafcc45f85f8739d7a7ee81d43bb32e111be87
corrscope,corrscope,b71bc120eddc9575b2f44d529a38a15db6dc7506
readthedocs,commonmark.py,c9faf447f698c123bf815754f778f8cab044cbaf
aws-cloudformation,cloudformation-cli,a73666d6b38099549c55f674748c095e0ef628ee
curvefi,curve-contract,b0bbf77f8f93c9c5f4e415bce9cd71f0cdee960e
tlsfuzzer,python-ecdsa,ea9666903c109a8e88a37eb1c60d4e98f01f0299
DataDog,dd-trace-py,af9098c4343831d4b8771fe5debd6f99d021eac6
MartinThoma,mpu,b0a8029ca291002a5dcb477d410eff6818d39c58
alethiophile,qtoml,3f9e1b6dc488574948e91631ed8fe5e2e4f86da0
mesalock-linux,mesapy,ed546d59a21b36feb93e2309d5c6b75aa0ad95c9
pgjones,quart,536cf22da6f9594fb971ca0955d4e2319c38a225
lidatong,dataclasses-json,dc63902eeb5e1c5ce1ea4e078c50e0eb9bc1a541
buguroo,pyknow,48818336f2e9a126f1964f2d8dc22d37ff800fe8
eth-brownie,brownie,22ab739f3894cbf2f0b48ce80c676ec878bbe798
JohnGiorgi,DeCLUTR,b78ac5766d27e1a6cdfadd41cfd2bed57d2ac1c7
facebookresearch,pytext,08754b483421884d2e363f00517ea42e449aec2c
sunpy,sunpy,e67a6391c16cbda816d083bb5010268284c0a525
SEED-platform,seed,3899852122a43addd9541d56dd593c86698b3b41
anibali,dsntnn,779631f80ad13da6332276b69acfc04669e49cbe
lhotse-speech,lhotse,509f4a97ab79a9eaeb8ba377d2a8e4acc794e45b
twisted,pydoctor,02063d30eb6f3246a1ae46789cfbcf5e682ab453
ethereum,py-evm,7738b6af03fda7ed838833affcd5a40ea5417e13
harvardnlp,cascaded-generation,37c624ebef227795f526afa39aa3d6062817f31a
datawire,mdk,8b4ad9aa1e3602f4ec7f3bdd5f2c22abcfe81463
dpath-maintainers,dpath-python,c8722e6b815bedf4e6aaeea9ccc7d6ff3e9b4f84
kragniz,python-etcd3,e58a899579ba416449c4e225b61f039457c8072a
WZBSocialScienceCenter,geovoronoi,ff93ca9c83f7a616580f73a77f3f883b164df6bc
awslabs,predictive-maintenance-using-machine-learning,5ea779b5202735c80d2edc94bf232689d9ed3b10
windelbouwman,ppci,915c069e0667042c085ec42c78e9e3c9a5295324
nategraf,Naumachia,343e9b0de689f8d1f2ab1b30d2a57476a1b937aa
PyCQA,isort,e169a7034493e55404892f328e0219398db61346
SethMMorton,natsort,dc1edbbaf583dcbc4f94a0b89c7faeb850bed25e
Ezibenroc,PyRoaringBitMap,43a72cbfdce0e1ad44ddeeec3641d18f3acb6369
nylas,sync-engine,b91b94b9a0033be4199006eb234d270779a04443
PokeAPI,pokebase,d40c95ce41e62e1d97cefa4ad4ee8d0500c423d9
Lothiraldan,swagger-fuzzer,b0d2ab9298bdd7f8c39c2d6ee449c70d44b1b472
Zac-HD,shed,6471da71c5b5cc443443ef5ed072799db275e7c0
timothycrosley,hypothesis-auto,e64c3b4ce0bf557fd5b0e0ae688890f07886dcb3
LeastAuthority,kubetop,67c730c570b99610029516834db2a93dd12085c4
holzschu,Carnets,dd8681f0f96f55f4a345283e9cd3ad9ecb2009da
FISCO-BCOS,python-sdk,4c3b00f4fd85dfab5e9be3acaa348741552f9c3d
intel,intel-extension-for-pytorch,af7dabeab01f5e571686cfe6bf89f5616e78d128
metasoarous,tripl,80d3b78c2450dcae7e6ab9086e5d6970955a51c8
PyCQA,mccabe,60cf21c21f8e5880f9907561c53732e80d1be400
emfcamp,Website,5d5d93375c9c810766d12a72904d4f8d61881eba
python-mario,mario,336254426d519e353d7184c56512d6225e181095
equinor,xtgeo,7179fc700c7740843403c566a069f8b6b67e1ea8
twisted,txacme,ac382ff1037cba8fb5ea6c90813eccfc69e53d36
rgerum,cameratransform,ed36491b3003bf8429515f3df1c3e319e56eae49
DIRACGrid,DIRAC,d9da8ccff6e5706c9d72648b5b6af329140c0e28
getsentry,sentry-python,2724d65aa6739e391bfc19e689b0c7f0f403b4aa
HumanCompatibleAI,evaluating-rewards,7b99ec9b415d805bd77041f2f7807d112dec9802
uber,tchannel-python,248741146cb25f32fc3a1a3fabfb13d1d6b62355
shreevatsa,sanskrit,bbff87ac9c0689e72d55928c9df002089f7f83e0
wemake-services,wemake-django-template,8776600917b69f5ffc33daea1a8478a84d92e0b3
mapbox,rio-pansharpen,19ffc915882160c7d0c92e01c3c0ee3e4cdf3c5a
thejohnfreeman,python-typeclasses,fee0213f1c7314e3f282a6dfc7fb2cc878e240e3
itamarst,eliot,3e996e70fcaa4a4ff94c51e0800edd2e145342c0
alexshpilkin,dvrip,e76df1d091d85aa6cffb5c332ba6ae419ac9ac89
pandera-dev,pandera,33fe68b7d0c7c3a760469b9898acf286334fe34f
tensorwerk,hangar-py,a6deb22854a6c9e9709011b91c1c0eeda7f47bb0
cart-savior,cart_savior,fc5b920a9512ef69bbfe15a73efafde3d978e2e8
naripok,cryptotrader,a95c978e1270048efca5d3aa7114b177c95d9574
Zabamund,wellpathpy,be32011f87fdbb3d5823d9b11830f3e99c4dffb7
mintel,pytest-localstack,a1fa61dfd5a182b0f0ef365115c797b251e65c04
aws,chalice,9b30601310dff84ba82e7548634b4eb49ca160eb
drvinceknight,Nashpy,ebae5f12338a9e60a240758bace7b4ad80fc2a5f
pandas-dev,pandas,fc6da9c7f590ffd2eaec801060ee4b239fbf3d92
KissPeter,APIFuzzer,a715402c20c656deb6f95ef0b20832cd43e4cf01
holzschu,python3_ios,98e13399d6554e6cbd6a10db136fb6dcbcc02fa4
Apress,clean-python,41a799afebb8470a53752f5588433bf58c965305
python-hyper,priority,a9d56f011bc39d09607fe0510c8f38f849fecf3b
pyodide,pyodide,8554663e9f98ad4e21b490c9d65491d095fa621d
DRMacIver,minithesis,b20e7e9b4d7156a186e0a7e78a8c79e9235214a9
MAVENSDC,cdflib,91e8ee651bab1ffd4bc2ce6aff86905f5164337d
kragen,dumpulse,e71408ced01446d1acaeb206fca880828f55b9c7
ethereum,trinity,6383280c5044feb06695ac2f7bc1100b7bcf4fe0
mapbox,mercantile,5975e1c0e1ec58e99f8e5770c975796e44d96b53
giotto-ai,giotto-tda,6f896531b7c59216fd292018bf73728dea40b7e6
petbox-dev,dca,d5499030dc2bb186e966624f7e0d44f989bbe653
rtosholdings,riptable,e51b3ddfacee30457673de22d21da8226cc57550
PromyLOPh,crocoite,d93e59456e432562e6ceb7a275af47682cc30aa9
CiwPython,Ciw,24a90252eb096039e54d520a6b7d3c3f195b5510
zeropointdynamics,zelos,506554d20656c0d4c64c4d326baec179eede211a
xesscorp,KiField,10d94dcd32912a4f4e3d5b2522ad9d1f032fe892
raamana,kernelmethods,5497b572edc588027f9498d873afca0763d8e8e7
nedbat,coveragepy,ae8d3b9981bac68f903c63c9e432ef5e30b4865b
simonw,sqlite-utils,0aefbb634d1fa0d84a87baf16066fa0ac1c28151
BitBotFactory,MikaLendingBot,b59ab8709220b3be1481ca8949a80f944b05018e
ThalesGroup,pycryptoki,ae98be3b9271e90fe9d38905884bfae79bd7dbe0
piccolbo,altair_recipes,bd7fbe152fa2075a071a15c48ded57eebd7398bd
gehring,fax,1bc0f4ddf4f0d54370b0c04282de49aa85685791
google,caliban,205da6f25b99c0c98cd0d263c47f25bf5e51fa97
life4,deal,f3214274917428f851c2b3b8e3e2a9e92d836ee7
trailofbits,PrivacyRaven,8d5cee834be85ef29502028d3d8788780d393f17
timothycrosley,portray,f8b6d664f0c4d6923958f805fce1a1f94c5eaa6f
uber,bayesmark,8c420e935718f0d6867153b781e58943ecaf2338
zalando-incubator,transformer,fa68c50cda12384aa4ef4009057b56035f1f3412
hwayne,tlacli,df5ca3424930b4a2ef57e18348744b81e55830e2
ethereum,web3.py,0b6239f89c934d3c81d18d2c39747f1fd21cab88
lensvol,pybetter,fe67efea2b973f7230bf0b89bc28cdef746c2b18
diofant,diofant,b60c7ce89e0ecf641bc2e5f1d6a26d489fcc01b2
freedomofpress,securedrop,032b1af550c061f4e83764d7e2422828e3409e59
audreyfeldroy,binaryornot,ac4f56e1e62ef8ee2a3c04e443b9b22fd5bed0d1
mapbox,rio-toa,e94c75b6ca720eefbb88cc777cb69f6608485d3e
jarun,buku,f454b6a1fe60845a5b094f6f35bff34e86e22bb5
KenKundert,nestedtext,9ec7823a8ad0c3cd667a3b89fe2b7152fe591742
amor71,LiuAlgoTrader,3df70067cf7a419115259956c64b50c5c07931db
kensho-technologies,pyctcdecode,afecb67622c1395b85b6a55d2902a780c0c927d4
quodlibet,mutagen,187b98473f5293c1e52cd227daec2f5bd240065f
ASMfreaK,habitipy,3cdfd0483d17a60743654a4d22c2c7904d668d34
ContinuumIO,cyberpandas,dbce13f94a75145a59d7a7981a8a07571a2e5eb6
WZBSocialScienceCenter,pdftabextract,7b86a9098b5d397f984b1cbc6716d55860e34ef8
tobgu,pyrsistent,827c5c8f6135ee4977ea96e507367904689a2397
pganssle,zoneinfo,666d80c27bda69541130758bbc7f1c9e035f79a0
Zac-HD,hypothesmith,f3273dd2be316ea457e6b03e632295b62077208b
matthias-k,pysaliency,067a9a7f73589812d8b0145934b93b1215977d0e
HPAC,matchpy,45f63748f4f57ed1803df09d2bfc4c7b28008995
AnemoneLabs,unmessage,d636168f041afcc765e4c6ffd30c8e2f3ad2f0ba
arXiv,arxiv-browse,f2adb5a54bddff3266c6c2cdc5a40dd27004c162
fhightower,ioc-finder,06ae551de766e542ecf2d200271162866cbf0f73
MFreidank,pysgmcmc,1fe63570486e2d3f6cc2d3016314a92b96464b00
daffidwilde,matching,497602eb746fd21fb51e06b01ce9630499f393e3
Yelp,paasta,e56e733de09f195a04c1531c636a64b559a26917
mapbox,rasterio,7adb4f5b32c006067cca2aaa8a4004ed100f994a
mvcisback,py-metric-temporal-logic,ceb2567ef90f3bd5d7a8d607806a9d2e7021639e
xen0l,aws-gate,52f7281af2805e28d44ee3906b14d48acb5201fb
cgarciae,pypeln,c91ec0d080f5b56191cdbe32a2d08a566552bc68
luoliyan,chinese-support-redux,4dc2d41c14faf4fe82d94602b0e41271331f3f76
holoviz,spatialpandas,e58fa82aa233a653506e04e6a98e9de856d8529a
aws-samples,amazon-sagemaker-cdk-examples,054cc7f776c0d01c5e134197a2246fa2c5b053a0
sixty-north,segpy,2fba7d56704665cf78dfecb5cdf87a746c4c8cad
django,daphne,630caed9153f8eb62aecfade3e349d3cc6ee1bb0
Xilinx,brevitas,4617f7bd136e96fa21c7f76e3c7e2e37fe563837
napari,napari,a0d0e55764466cea85def53a7b843856d6876e26
databio,pypiper,33ad9685eb77aa3748baece0ba58f5424eccea6f
pypa,linehaul,cc9908824b018d555e9eb54f14eb743fa6274b09
py-lidbox,lidbox,e60d5ad2ff4d6076f9afaa780972c0301ee71ac8
hchasestevens,hypothesis-protobuf,f922a996880e6dc4a0e17cccf75a29e47bf9aa0a
gforcada,flake8-builtins,5484162ace8d9546513be710d70e9c148010d9cc
pytries,datrie,ba96de5dd42420237e84b6083f1836ef345592c6
tlsfuzzer,tlslite-ng,c93df82603ab4a72c8d65645a3aeee73eeb24b3f
MIllionBenjamin,Blockchain-FinalProject-SupplyChainFinancialPlatform,cbf6819990ac8e871d15780d6031e635977436f8
Phelimb,BIGSI,bf34abbb9d6f72a9f0c64c40eefc44d810a2502e
rhettinger,modernpython,d305a097607acce12fb687a3a24da993fdfb6353
bmabey,provenance,d29ad2ffc39fbc389600df092da9e7df4f920100
pikepdf,pikepdf,2662d9da649a3b354422673fb62bcfe0a1b9ba4c
jmespath,jmespath.py,2ad18b0e51ef3c22ef0d4bbeb11506746a39e228
ethereum,eth-abi,bbf60c26fd43c5019b77716991056f278677881b
ethereum,eth-account,914388b321cb57d417a4edb72148a889e54b978c
seemoo-lab,polypyus,e24875677bb54301001f56b08f20558ec6727554
tahoe-lafs,tahoe-lafs,a5065c8bca8570b8df947c7ccf9b56f0e0796680
marksparkza,jschon,60c87b31425a64bac7d21cb2bbaacc071538ed5c
lubieowoce,sumtype,29dccfa17083dd7437946480f30116b27b4e6b88
dpranke,pyjson5,d103b623d7fae40784aac12798244a29f13b3eba
data61,clkhash,fee82cdf56198c0c405ba942f50bd9cd892a7d4f
ethereum,py-wasm,41a6d07a620dfc4f590463dd038dffe4efe0c8c6
dsw,proquint,af91d5bb77c182504a1cda5bdb11b2d3a5edb96a
hardbyte,python-can,8e685acc2599c9e1a93322a636301da53e0f8835
mancellin,capytaine,37a2bbe29977903d28fcdf2785c2859f638874d5
poljar,weechat-matrix,feae9fda26ea9de98da9cd6733980a203115537e
DRMacIver,structureshrink,625e01236d6a7d72295782277737595f81d77d2a
ericmjl,nxviz,3014829a09b0154f4c40ecef1ff0a59fee07f86e
tjltjl,plycutter,fb62f664772541003a5c8880be9378caba204603
ingolemo,python-lenses,f5eb8a86d47cbf177365e7090674f765e52227b4
man-group,notebooker,d829d772c9516aea62ccd9d3eb29037da2d8c888
python-hyper,brotlicffi,8e27c661a3e18cbc46e1058ecf74fb98aa2e6615
